REFERENCE,PRESENT DANS REFERENCE V2,PRESENT DANS REFERENCE
041700,False,False
041706,False,False
041708,False,False
041712,False,False
041720,False,False
047629,False,False
047643,False,False
047679,False,False
047710,False,False
047728,False,False
047746,False,False
049135,False,False
049735,False,False
049741,False,False
11101-00454-017,False,False
11101-05900-038,False,False
11101-05950-025,False,False
11106-42140-005,False,False
11108-50701-002,False,False
11108-53001-000,False,False
11108-53002-001,False,False
21102-00145-035,False,False
21102-00145-044,False,False
21102-00145-046,False,False
21102-00145-049,False,False
21102-00213-002,False,False
21102-00901-032,False,False
21102-00906-035,False,False
21102-05362-008,False,False
21102-05364-013,False,False
21103-00049-021,False,False
21103-00080-008,False,False
21104-00095-523,False,False
21104-00099-003,False,False
21111-11911-001,False,False
21111-11942-001,False,False
21111-11976-001,False,False
21111-31258-002,False,False
21111-31260-003,False,False
21111-35911-002,False,False
21111-35920-003,False,False
21115-00005-000,False,False
21115-00010-000,False,False
21115-00011-000,False,False
21116-02293-009,False,False
21116-04993-010,False,False
21116-60100-001,False,False
21199-15011-008,False,False
21202-20536-001,False,False
21203-00080-001,False,False
21299-00050-003,False,False
21299-00058-003,False,False
21299-00105-005,False,False
21299-00378-001,False,False
21299-00502-503,False,False
21299-00510-503,False,False
21299-00537-503,False,False
21299-00707-500,False,False
21299-00709-500,False,False
21299-00711-500,False,False
21299-00720-500,False,False
21299-00731-500,False,False
21299-00746-500,False,False
21299-00789-500,False,False
21299-00790-500,False,False
21299-00871-500,False,False
21299-00877-500,False,False
21299-00889-500,False,False
21299-01000-500,False,False
21299-01046-500,False,False
21299-01069-500,False,False
21299-01076-500,False,False
21299-01120-500,False,False
21299-01157-500,False,False
21299-01158-500,False,False
21299-01159-500,False,False
21299-01209-500,False,False
22403-10338-000,False,False
22403-20159-000,False,False
22405-10057-000,False,False
25111-00003-000,False,False
S-LDABSL,False,False
S-WT-001,False,False
SEAT COVER,False,False
SIAMP YIN YANG DUAL FLUSH PLATEGOLD,False,False
