REFERENCE_NON_TROUVEE,MATCH_1,SCORE_1,MATCH_2,SCORE_2,MATCH_3,SCORE_3,MATCH_4,SCORE_4,MATCH_5,SCORE_5
041700,41700,90.9090909090909,41706,72.72727272727273,41708,72.72727272727273,41720,72.72727272727273,41740,72.72727272727273
041706,41706,90.9090909090909,41700,72.72727272727273,41708,72.72727272727273,41720,72.72727272727273,41740,72.72727272727273
041708,41708,90.9090909090909,41700,72.72727272727273,41706,72.72727272727273,41720,72.72727272727273,41740,72.72727272727273
041712,41712,90.9090909090909,41720,72.72727272727273,10017120,71.42857142857143,10017121,71.42857142857143,10017122,71.42857142857143
041720,41720,90.9090909090909,41700,72.72727272727273,41706,72.72727272727273,41708,72.72727272727273,41712,72.72727272727273
047629,47629,90.9090909090909,47632,72.72727272727273,47642,72.72727272727273,47679,72.72727272727273,47729,72.72727272727273
047643,47643,90.9090909090909,47630,72.72727272727273,47631,72.72727272727273,47632,72.72727272727273,47633,72.72727272727273
047679,47679,90.9090909090909,47629,72.72727272727273,47678,72.72727272727273,47729,72.72727272727273,47739,72.72727272727273
047710,47710,90.9090909090909,47720,72.72727272727273,47721,72.72727272727273,47730,72.72727272727273,47731,72.72727272727273
047728,47728,90.9090909090909,47678,72.72727272727273,47720,72.72727272727273,47721,72.72727272727273,47723,72.72727272727273
047746,47746,90.9090909090909,47734,72.72727272727273,47774,72.72727272727273,D01477,66.66666666666667,8074,60.0
049135,49135,90.9090909090909,49130,72.72727272727273,49136,72.72727272727273,49165,72.72727272727273,49635,72.72727272727273
049735,49735,90.9090909090909,47735,72.72727272727273,49135,72.72727272727273,49635,72.72727272727273,49713,72.72727272727273
049741,49741,90.9090909090909,49441,72.72727272727273,49541,72.72727272727273,49641,72.72727272727273,49713,72.72727272727273
11101-00454-017,1110100454017,92.85714285714286,1110100454001,85.71428571428572,1110100454007,85.71428571428572,1110100454010,85.71428571428572,1110100454011,85.71428571428572
11101-05900-038,1110105900038,92.85714285714286,1110105900003,85.71428571428572,1110105900028,85.71428571428572,1110105900033,85.71428571428572,1110105900034,85.71428571428572
11101-05950-025,1110105950025,92.85714285714286,1110105950021,85.71428571428572,1110105950022,85.71428571428572,1110105950024,85.71428571428572,1110105950026,85.71428571428572
11106-42140-005,1110642140005,92.85714285714286,1110641214000,85.71428571428572,1110642100005,85.71428571428572,1110642110005,85.71428571428572,1110642140001,85.71428571428572
11108-50701-002,1110850701002,92.85714285714286,1110850101002,85.71428571428572,1110850201002,85.71428571428572,1110850701003,85.71428571428572,1110850701005,85.71428571428572
11108-53001-000,1110853001000,92.85714285714286,1110803001000,85.71428571428572,1110853001001,85.71428571428572,1110853001002,85.71428571428572,1110853002000,85.71428571428572
11108-53002-001,1110853002001,92.85714285714286,1110853001001,85.71428571428572,1110853002000,85.71428571428572,1110853002002,85.71428571428572,1110853002003,85.71428571428572
21102-00145-035,2110200145035,92.85714285714286,2110200145003,85.71428571428572,2110200145013,85.71428571428572,2110200145015,85.71428571428572,2110200145023,85.71428571428572
21102-00145-044,2110200145044,92.85714285714286,2110200145004,85.71428571428572,2110200145024,85.71428571428572,2110200145034,85.71428571428572,2110200145040,85.71428571428572
21102-00145-046,2110200145046,92.85714285714286,2110200145004,85.71428571428572,2110200145006,85.71428571428572,2110200145024,85.71428571428572,2110200145026,85.71428571428572
21102-00145-049,2110200145049,92.85714285714286,2110200145004,85.71428571428572,2110200145009,85.71428571428572,2110200145024,85.71428571428572,2110200145034,85.71428571428572
21102-00213-002,2110200213002,92.85714285714286,2110200213001,85.71428571428572,2110200350012,78.57142857142857,2110200350020,78.57142857142857,2110200350021,78.57142857142857
21102-00901-032,2110200901032,92.85714285714286,2110200901003,85.71428571428572,2110200901013,85.71428571428572,2110200901020,85.71428571428572,2110200901021,85.71428571428572
21102-00906-035,2110200906035,92.85714285714286,2110200906003,85.71428571428572,2110200906013,85.71428571428572,2110200906043,85.71428571428572,2110200906050,85.71428571428572
21102-05362-008,2110205362008,92.85714285714286,2110205361008,85.71428571428572,2110205362003,85.71428571428572,2110205362004,85.71428571428572,2110205362006,85.71428571428572
21102-05364-013,2110205364013,92.85714285714286,2110205354013,85.71428571428572,2110205364010,85.71428571428572,2110205364012,85.71428571428572,2110205364014,85.71428571428572
21103-00049-021,2110300049021,92.85714285714286,2110300049015,85.71428571428572,2110300049020,85.71428571428572,2110300049004,78.57142857142857,2110300049005,78.57142857142857
21103-00080-008,2110300080008,92.85714285714286,2110300050008,85.71428571428572,2110300080002,85.71428571428572,2110300080003,85.71428571428572,2110300080004,85.71428571428572
21104-00095-523,2110400095523,92.85714285714286,2110400095502,85.71428571428572,2110400095503,85.71428571428572,2110400095512,85.71428571428572,2110400095520,85.71428571428572
21104-00099-003,2110400099003,92.85714285714286,2110400014003,78.57142857142857,2110400093001,78.57142857142857,2110400093002,78.57142857142857,2110400093004,78.57142857142857
21111-11911-001,2111111911001,92.85714285714286,2111111910001,85.71428571428572,2111111911002,85.71428571428572,2111111911003,85.71428571428572,2111111911005,85.71428571428572
21111-11942-001,2111111942001,92.85714285714286,2111111912001,85.71428571428572,2111111914001,85.71428571428572,2111111920001,85.71428571428572,2111111932001,85.71428571428572
21111-11976-001,2111111976001,92.85714285714286,2111111973001,85.71428571428572,2111111976000,85.71428571428572,2111111976002,85.71428571428572,2111111996001,85.71428571428572
21111-31258-002,2111131258002,92.85714285714286,2111131258000,85.71428571428572,2111131258001,85.71428571428572,2111131258003,85.71428571428572,2111131259003,78.57142857142857
21111-31260-003,2111131260003,92.85714285714286,2111131260000,85.71428571428572,2111111920003,78.57142857142857,2111112001003,78.57142857142857,2111131258000,78.57142857142857
21111-35911-002,2111135911002,92.85714285714286,2111135911001,85.71428571428572,2111135912002,85.71428571428572,2111135921002,85.71428571428572,2111111911002,78.57142857142857
21111-35920-003,2111135920003,92.85714285714286,2111135920001,85.71428571428572,2111135922003,85.71428571428572,2111111920003,78.57142857142857,2111131259003,78.57142857142857
21115-00005-000,2111500005000,92.85714285714286,2111500001000,85.71428571428572,2111500003000,85.71428571428572,2111500004000,85.71428571428572,2111500006000,85.71428571428572
21115-00010-000,2111500010000,92.85714285714286,2111500001000,85.71428571428572,2111500003000,85.71428571428572,2111500004000,85.71428571428572,2111500005000,85.71428571428572
21115-00011-000,2111500011000,92.85714285714286,2111500001000,85.71428571428572,2111500010000,85.71428571428572,2511500011000,85.71428571428572,1110800101000,78.57142857142857
21116-02293-009,2111602293009,92.85714285714286,2111602293001,85.71428571428572,2111602224009,78.57142857142857,2111604293001,78.57142857142857,2111605293001,78.57142857142857
21116-04993-010,2111604993010,92.85714285714286,2111604993005,85.71428571428572,2111604993007,85.71428571428572,2111604993011,85.71428571428572,2111604293001,78.57142857142857
21116-60100-001,2111660100001,92.85714285714286,2111660100002,85.71428571428572,2111660100003,85.71428571428572,2111660100004,85.71428571428572,2111660100008,85.71428571428572
21199-15011-008,2119915011008,92.85714285714286,2119915011002,85.71428571428572,2119915011003,85.71428571428572,2119915011004,85.71428571428572,2119915011009,85.71428571428572
21202-20536-001,2120220536001,92.85714285714286,2110205360001,78.57142857142857,2120220537000,78.57142857142857,2110205350001,71.42857142857143,2110205361008,71.42857142857143
21203-00080-001,2120300080001,92.85714285714286,2120300080002,85.71428571428572,2110200008001,78.57142857142857,2110300080002,78.57142857142857,2110300080003,78.57142857142857
21299-00050-003,2129900050003,92.85714285714286,2129900001003,85.71428571428572,2129900006003,85.71428571428572,2129900007003,85.71428571428572,2129900009003,85.71428571428572
21299-00058-003,2129900058003,92.85714285714286,2129900025003,85.71428571428572,2129900028003,85.71428571428572,2129900035003,85.71428571428572,2129900045003,85.71428571428572
21299-00105-005,2129900105005,92.85714285714286,2129900101005,85.71428571428572,2129900102005,85.71428571428572,2129900710500,85.71428571428572,2129900810500,85.71428571428572
21299-00378-001,2129900378001,92.85714285714286,2129900307001,85.71428571428572,2129900317001,85.71428571428572,2129900318001,85.71428571428572,2129900327001,85.71428571428572
21299-00502-503,2129900502503,92.85714285714286,2129900025003,85.71428571428572,2129900501503,85.71428571428572,2129900503503,85.71428571428572,2129900504503,85.71428571428572
21299-00510-503,2129900510503,92.85714285714286,2129900501503,85.71428571428572,2129900502503,85.71428571428572,2129900503503,85.71428571428572,2129900504503,85.71428571428572
21299-00537-503,2129900537503,92.85714285714286,2129900503503,85.71428571428572,2129900507503,85.71428571428572,2129900513503,85.71428571428572,2129900523503,85.71428571428572
21299-00707-500,2129900707500,92.85714285714286,2129900075004,85.71428571428572,2129900700500,85.71428571428572,2129900701500,85.71428571428572,2129900703500,85.71428571428572
21299-00709-500,2129900709500,92.85714285714286,2129900700500,85.71428571428572,2129900701500,85.71428571428572,2129900703500,85.71428571428572,2129900704500,85.71428571428572
21299-00711-500,2129900711500,92.85714285714286,2129900701500,85.71428571428572,2129900710500,85.71428571428572,2129900712500,85.71428571428572,2129900713500,85.71428571428572
21299-00720-500,2129900720500,92.85714285714286,2129900700500,85.71428571428572,2129900701500,85.71428571428572,2129900703500,85.71428571428572,2129900704500,85.71428571428572
21299-00731-500,2129900731500,92.85714285714286,2129900701500,85.71428571428572,2129900703500,85.71428571428572,2129900710500,85.71428571428572,2129900711500,85.71428571428572
21299-00746-500,2129900746500,92.85714285714286,2129900704500,85.71428571428572,2129900706500,85.71428571428572,2129900714500,85.71428571428572,2129900716500,85.71428571428572
21299-00789-500,2129900789500,92.85714285714286,2129900708500,85.71428571428572,2129900709500,85.71428571428572,2129900718500,85.71428571428572,2129900728500,85.71428571428572
21299-00790-500,2129900790500,92.85714285714286,2129900700500,85.71428571428572,2129900701500,85.71428571428572,2129900703500,85.71428571428572,2129900704500,85.71428571428572
21299-00871-500,2129900871500,92.85714285714286,2129900701500,85.71428571428572,2129900710500,85.71428571428572,2129900711500,85.71428571428572,2129900712500,85.71428571428572
21299-00877-500,2129900877500,92.85714285714286,2129900707500,85.71428571428572,2129900717500,85.71428571428572,2129900727500,85.71428571428572,2129900737500,85.71428571428572
21299-00889-500,2129900889500,92.85714285714286,2129900788500,85.71428571428572,2129900789500,85.71428571428572,2129900809500,85.71428571428572,2129900828500,85.71428571428572
21299-01000-500,2129901000500,92.85714285714286,2129900700500,85.71428571428572,2129901002500,85.71428571428572,2129901003500,85.71428571428572,2129901004500,85.71428571428572
21299-01046-500,2129901046500,92.85714285714286,2129900746500,85.71428571428572,2129900846500,85.71428571428572,2129900946500,85.71428571428572,2129901004500,85.71428571428572
21299-01069-500,2129901069500,92.85714285714286,2129900769500,85.71428571428572,2129900869500,85.71428571428572,2129901006500,85.71428571428572,2129901009500,85.71428571428572
21299-01076-500,2129901076500,92.85714285714286,2129900706500,85.71428571428572,2129900716500,85.71428571428572,2129900736500,85.71428571428572,2129900746500,85.71428571428572
21299-01120-500,2129901120500,92.85714285714286,2129901010500,85.71428571428572,2129901020500,85.71428571428572,2129901100500,85.71428571428572,2129901101500,85.71428571428572
21299-01157-500,2129901157500,92.85714285714286,2129901057500,85.71428571428572,2129901107500,85.71428571428572,2129901115500,85.71428571428572,2129901117500,85.71428571428572
21299-01158-500,2129901158500,92.85714285714286,2129901058500,85.71428571428572,2129901108500,85.71428571428572,2129901115500,85.71428571428572,2129901118500,85.71428571428572
21299-01159-500,2129901159500,92.85714285714286,2129901019500,85.71428571428572,2129901059500,85.71428571428572,2129901109500,85.71428571428572,2129901115500,85.71428571428572
21299-01209-500,2129901209500,92.85714285714286,2129901009500,85.71428571428572,2129901019500,85.71428571428572,2129901020500,85.71428571428572,2129901029500,85.71428571428572
22403-10338-000,2240310338000,92.85714285714286,2240310133000,85.71428571428572,2240310330000,85.71428571428572,2240310331000,85.71428571428572,2240310335000,85.71428571428572
22403-20159-000,2240320159000,92.85714285714286,2240320129000,85.71428571428572,2240320145000,85.71428571428572,2240320150000,85.71428571428572,2240320151000,85.71428571428572
22405-10057-000,2240510057000,92.85714285714286,2240510058000,85.71428571428572,2240100051000,78.57142857142857,2240100052000,78.57142857142857,2240100115000,78.57142857142857
25111-00003-000,2511100003000,92.85714285714286,2111500003000,85.71428571428572,2511100001000,85.71428571428572,2511100002000,85.71428571428572,2511100003001,85.71428571428572
S-LDABSL,SLDABSL,93.33333333333333,SASGL,61.53846153846154,BHABSL001,47.05882352941176,SRAPSALES,47.05882352941176,SWCABCLIP,47.05882352941176
S-WT-001,SWT001,85.71428571428572,SBFWT001,75.0,SSWT002,66.66666666666667,SWT001BLAU,66.66666666666667,SBFWC001,62.5
SEAT COVER,SEATCOVER,94.73684210526316,SEATCOV,82.35294117647058,QMSECABCFV,50.0,BGSPHEREPLATE,43.47826086956522,BNSPHEREPLATE,43.47826086956522
SIAMP YIN YANG DUAL FLUSH PLATEGOLD,SIAMPYINYANGDUALFLUSHPLATEGOLD,92.3076923076923,BCM350YINYANG,33.333333333333336,BGSPHEREPLATE,33.333333333333336,BNSPHEREPLATE,33.333333333333336,BBSMPLATE,31.818181818181824
